anio,trimestre,provincia,tv_suscripcion_100habitantes,tv_suscripcion_100hogares
2014,1,Buenos Aires,14.34,47.07
2014,1,CABA,22.68,59.71
2014,1,Catamarca,4.64,18.25
2014,1,Chaco,7.79,29.18
2014,1,Chubut,12.34,40.33
2014,1,Córdoba,14.48,47.34
2014,1,Corrientes,5.76,21.89
2014,1,Entre Ríos,8.34,27.92
2014,1,Formosa,5.23,20.56
2014,1,Jujuy,8.98,35.13
2014,1,La Pampa,19.94,60.56
2014,1,La Rioja,6.92,26.04
2014,1,Mendoza,5.74,20.58
2014,1,Misiones,8.45,31.04
2014,1,Neuquén,17.34,58.31
2014,1,Río Negro,5.83,18.96
2014,2,Buenos Aires,15.04,49.35
2014,2,CABA,22.7,59.78
2014,2,Catamarca,6.97,27.4
2014,2,Chaco,7.58,28.39
2014,2,Chubut,12.33,40.27
2014,2,Córdoba,27.61,90.25
2014,2,Corrientes,8.34,31.71
2014,2,Entre Ríos,11.32,37.9
2014,2,Formosa,8.11,31.9
2014,2,Jujuy,10.01,39.19
2014,2,La Pampa,22.58,68.57
2014,2,La Rioja,6.91,26
2014,2,Mendoza,6.24,22.38
2014,2,Misiones,9.74,35.78
2014,2,Neuquén,25.35,85.26
2014,2,Río Negro,8.43,27.45
2014,2,Salta,12.63,52.19
2014,2,San Juan,5.77,22.67
2014,2,San Luis,11.85,41.46
2014,2,Santa Cruz,14.95,50.33
2014,2,Santa Fe,19.29,61.4
2014,2,Santiago del Estero,10.55,42.54
2014,2,Tierra del Fuego,23.44,79.22
2014,2,Tucumán,7.64,30.88
2014,3,Buenos Aires,15.05,49.38
2014,3,CABA,22.61,59.53
2014,3,Catamarca,7.01,27.57
2014,3,Chaco,7.57,28.35
2014,3,Chubut,12.31,40.21
2014,3,Córdoba,27.65,90.4
2014,3,Corrientes,8.47,32.2
2014,3,Entre Ríos,11.51,38.53
2014,3,Formosa,8.09,31.81
2014,3,Jujuy,10.29,40.27
2014,3,La Pampa,22.93,69.63
2014,3,La Rioja,6.78,25.51
2014,3,Mendoza,6.27,22.5
2014,3,Misiones,9.86,36.24
2014,3,Neuquén,25.36,85.28
2014,3,Río Negro,8.44,27.48
2014,3,Salta,12.68,52.4
2014,3,San Juan,5.85,23
2014,3,San Luis,11.67,40.81
2014,3,Santa Cruz,14.04,47.28
2014,3,Santa Fe,19.41,61.77
2014,3,Santiago del Estero,10.65,42.95
2014,3,Tierra del Fuego,23.64,79.91
2014,3,Tucumán,7.61,30.77
2014,4,Buenos Aires,15.13,49.65
2014,4,CABA,22.64,59.62
2014,4,Catamarca,7.19,28.27
2014,4,Chaco,8.05,30.14
2014,4,Chubut,12.29,40.15
2014,4,Córdoba,27.67,90.44
2014,4,Corrientes,8.61,32.71
2014,4,Entre Ríos,11.61,38.85
2014,4,Formosa,8.12,31.92
2014,4,Jujuy,11.03,43.19
2014,4,La Pampa,23.46,71.25
2014,4,La Rioja,7.26,27.31
2014,4,Mendoza,6.23,22.35
2014,4,Misiones,9.59,35.23
2014,4,Neuquén,25.35,85.26
2014,4,Río Negro,8.43,27.43
2014,4,Salta,12.69,52.45
2014,4,San Juan,5.88,23.12
2014,4,San Luis,11.77,41.16
2014,4,Santa Cruz,14.13,47.59
2014,4,Santa Fe,19.35,61.59
2014,4,Santiago del Estero,10.71,43.19
2014,4,Tierra del Fuego,23.45,79.26
2014,4,Tucumán,7.63,30.85
2015,1,Buenos Aires,15.02,49.29
2015,1,CABA,22.6,59.5
2015,1,Catamarca,7.08,27.85
2015,1,Chaco,8.01,30.01
2015,1,Chubut,12.09,39.51
2015,1,Córdoba,27.32,89.31
2015,1,Corrientes,8.45,32.1
2015,1,Entre Ríos,11.5,38.5
2015,1,Formosa,8,31.44
2015,1,Jujuy,11,43.05
2015,1,La Pampa,23.7,71.97
2015,1,La Rioja,6.95,26.13
2015,1,Mendoza,6.14,22.02
2015,1,Misiones,9.61,35.31
2015,1,Neuquén,17.94,60.33
2015,1,Río Negro,8.23,26.78
2015,1,Salta,12.62,52.15
2015,1,San Juan,5.95,23.36
2015,1,San Luis,11.67,40.83
2015,1,Santa Cruz,17.01,57.29
2015,1,Santa Fe,17.79,56.6
2015,1,Santiago del Estero,10.59,42.69
2015,1,Tierra del Fuego,23.24,78.55
2015,1,Tucumán,7.49,30.27
2015,2,Buenos Aires,15.14,49.69
2015,2,CABA,22.7,59.77
2015,2,Catamarca,7.19,28.27
2015,2,Chaco,8,29.95
2015,2,Chubut,12.13,39.62
2015,2,Córdoba,27.44,89.71
2015,2,Corrientes,8.56,32.54
2015,2,Entre Ríos,11.65,38.98
2015,2,Formosa,8,31.46
2015,2,Jujuy,11.48,44.92
2015,2,La Pampa,24.16,73.38
2015,2,La Rioja,6.91,25.98
2015,2,Mendoza,6.19,22.2
2015,2,Misiones,9.78,35.93
2015,2,Neuquén,17.95,60.36
2015,2,Río Negro,8.33,27.1
2015,2,Salta,12.69,52.44
2015,2,San Juan,5.9,23.16
2015,2,San Luis,11.66,40.8
2015,2,Santa Cruz,16.9,56.91
2015,2,Santa Fe,18,57.28
2015,2,Santiago del Estero,10.64,42.89
2015,2,Tierra del Fuego,23.67,80.01
2015,2,Tucumán,7.63,30.82
2015,3,Buenos Aires,15.04,49.36
2015,3,CABA,23.44,61.71
2015,3,Catamarca,7.33,28.83
2015,3,Chaco,8.11,30.37
2015,3,Chubut,12.14,39.66
2015,3,Córdoba,27.64,90.37
2015,3,Corrientes,8.63,32.8
2015,3,Entre Ríos,11.63,38.91
2015,3,Formosa,8.01,31.5
2015,3,Jujuy,11.79,46.13
2015,3,La Pampa,25.1,76.23
2015,3,La Rioja,7.01,26.36
2015,3,Mendoza,6.23,22.35
2015,3,Misiones,9.96,36.62
2015,3,Neuquén,17.96,60.4
2015,3,Río Negro,8.17,26.6
2015,3,Salta,12.77,52.79
2015,3,San Juan,5.9,23.17
2015,3,San Luis,11.49,40.19
2015,3,Santa Cruz,17.15,57.76
2015,3,Santa Fe,18.06,57.46
2015,3,Santiago del Estero,10.73,43.28
2015,3,Tierra del Fuego,24.33,82.22
2015,3,Tucumán,7.7,31.12
2015,4,Buenos Aires,15.04,49.34
2015,4,CABA,23.47,61.8
2015,4,Catamarca,7.4,29.1
2015,4,Chaco,7.94,29.75
2015,4,Chubut,12.14,39.67
2015,4,Córdoba,27.87,91.11
2015,4,Corrientes,8.82,33.52
2015,4,Entre Ríos,11.69,39.12
2015,4,Formosa,8.01,31.48
2015,4,Jujuy,11.9,46.57
2015,4,La Pampa,25.41,77.17
2015,4,La Rioja,6.84,25.72
2015,4,Mendoza,6.2,22.23
2015,4,Misiones,10.02,36.83
2015,4,Neuquén,17.93,60.29
2015,4,Río Negro,8.09,26.33
2015,4,Salta,12.97,53.61
2015,4,San Juan,5.99,23.52
2015,4,San Luis,11.45,40.04
2015,4,Santa Cruz,17.16,57.8
2015,4,Santa Fe,18.06,57.46
2015,4,Santiago del Estero,10.77,43.42
2015,4,Tierra del Fuego,24.74,83.62
2015,4,Tucumán,7.86,31.76
2016,1,Buenos Aires,14.86,48.77
2016,1,CABA,23.54,61.98
2016,1,Catamarca,7.29,28.68
2016,1,Chaco,7.91,29.61
2016,1,Chubut,11.82,38.61
2016,1,Córdoba,27.7,90.54
2016,1,Corrientes,8.55,32.5
2016,1,Entre Ríos,11.56,38.69
2016,1,Formosa,7.93,31.18
2016,1,Jujuy,11.52,45.09
2016,1,La Pampa,25.88,78.61
2016,1,La Rioja,6.5,24.43
2016,1,Mendoza,6.09,21.85
2016,1,Misiones,10.05,36.94
2016,1,Neuquén,17.66,59.38
2016,1,Río Negro,7.75,25.21
2016,1,Salta,12.61,52.13
2016,1,San Juan,5.65,22.19
2016,1,San Luis,11.39,39.83
2016,1,Santa Cruz,16.52,55.62
2016,1,Santa Fe,17.83,56.74
2016,1,Santiago del Estero,10.54,42.51
2016,1,Tierra del Fuego,24.84,83.95
2016,1,Tucumán,8.01,32.35
2016,2,Buenos Aires,14.94,49.04
2016,2,CABA,23.47,61.8
2016,2,Catamarca,7.4,29.1
2016,2,Chaco,8.16,30.56
2016,2,Chubut,12.61,41.2
2016,2,Córdoba,27.88,91.15
2016,2,Corrientes,8.58,32.61
2016,2,Entre Ríos,11.62,38.9
2016,2,Formosa,7.93,31.19
2016,2,Jujuy,11.58,45.33
2016,2,La Pampa,25.9,78.65
2016,2,La Rioja,6.54,24.59
2016,2,Mendoza,6.09,21.85
2016,2,Misiones,10.15,37.31
2016,2,Neuquén,17.65,59.37
2016,2,Río Negro,7.72,25.14
2016,2,Salta,12.9,53.3
2016,2,San Juan,5.67,22.3
2016,2,San Luis,11.18,39.1
2016,2,Santa Cruz,15.7,52.86
2016,2,Santa Fe,17.96,57.15
2016,2,Santiago del Estero,10.56,42.59
2016,2,Tierra del Fuego,24.33,82.24
2016,2,Tucumán,7.73,31.23
2016,3,Buenos Aires,14.97,49.12
2016,3,CABA,23.43,61.7
2016,3,Catamarca,7.43,29.22
2016,3,Chaco,7.8,29.22
2016,3,Chubut,12.59,41.12
2016,3,Córdoba,28.04,91.66
2016,3,Corrientes,8.59,32.63
2016,3,Entre Ríos,11.65,39
2016,3,Formosa,7.93,31.19
2016,3,Jujuy,11.48,44.93
2016,3,La Pampa,26.25,79.73
2016,3,La Rioja,6.6,24.81
2016,3,Mendoza,6.1,21.88
2016,3,Misiones,10.17,37.38
2016,3,Neuquén,17.64,59.31
2016,3,Río Negro,7.69,25.03
2016,3,Salta,12.76,52.73
2016,3,San Juan,5.67,22.27
2016,3,San Luis,11.2,39.18
2016,3,Santa Cruz,15.54,52.32
2016,3,Santa Fe,17.94,57.1
2016,3,Santiago del Estero,10.56,42.59
2016,3,Tierra del Fuego,24.66,83.34
2016,3,Tucumán,7.77,31.4
2016,4,Buenos Aires,15.06,49.41
2016,4,CABA,23.29,61.33
2016,4,Catamarca,7.52,29.58
2016,4,Chaco,7.65,28.63
2016,4,Chubut,12.59,41.14
2016,4,Córdoba,27.98,91.48
2016,4,Corrientes,8.65,32.88
2016,4,Entre Ríos,11.68,39.11
2016,4,Formosa,7.92,31.13
2016,4,Jujuy,11.1,43.44
2016,4,La Pampa,29.05,88.24
2016,4,La Rioja,6.9,25.94
2016,4,Mendoza,6.13,22
2016,4,Misiones,10.23,37.6
2016,4,Neuquén,17.62,59.26
2016,4,Río Negro,7.62,24.8
2016,4,Salta,12.79,52.87
2016,4,San Juan,5.33,20.95
2016,4,San Luis,11.25,39.37
2016,4,Santa Cruz,15.45,52.04
2016,4,Santa Fe,18.01,57.33
2016,4,Santiago del Estero,10.45,42.14
2016,4,Tierra del Fuego,24.73,83.59
2016,4,Tucumán,7.7,31.11
2017,1,Buenos Aires,15.23,47.43
2017,1,CABA,23.29,55.24
2017,1,Catamarca,7.36,28.91
2017,1,Chaco,7.57,28.32
2017,1,Chubut,12.46,40.65
2017,1,Córdoba,28.16,91.97
2017,1,Corrientes,8.58,32.59
2017,1,Entre Ríos,11.95,39.98
2017,1,Formosa,8.28,32.53
2017,1,Jujuy,11.33,44.31
2017,1,La Pampa,29.34,89.04
2017,1,La Rioja,6.49,24.37
2017,1,Mendoza,6.07,21.76
2017,1,Misiones,10.16,37.3
2017,1,Neuquén,17.45,58.61
2017,1,Río Negro,7.34,23.85
2017,1,Salta,12.52,51.67
2017,1,San Juan,5.76,22.6
2017,1,San Luis,11.72,40.96
2017,1,Santa Cruz,15,50.4
2017,1,Santa Fe,17.5,55.65
2017,1,Santiago del Estero,10.33,41.61
2017,1,Tierra del Fuego,24.31,81.97
2017,1,Tucumán,7.69,31.05
2017,2,Buenos Aires,15.17,47.17
2017,2,CABA,23.14,54.96
2017,2,Catamarca,10.01,39.35
2017,2,Chaco,7.84,29.32
2017,2,Chubut,12.38,40.37
2017,2,Córdoba,28,91.43
2017,2,Corrientes,8.53,32.41
2017,2,Entre Ríos,12.07,40.36
2017,2,Formosa,8.12,31.92
2017,2,Jujuy,11.36,44.42
2017,2,La Pampa,28.45,86.33
2017,2,La Rioja,6.39,23.99
2017,2,Mendoza,5.88,21.06
2017,2,Misiones,10.1,37.09
2017,2,Neuquén,17.37,58.35
2017,2,Río Negro,8.11,26.38
2017,2,Salta,18.73,77.34
2017,2,San Juan,5.38,21.11
2017,2,San Luis,11.23,39.25
2017,2,Santa Cruz,14.84,49.88
2017,2,Santa Fe,17.93,57.03
2017,2,Santiago del Estero,10.26,41.35
2017,2,Tierra del Fuego,24.25,81.79
2017,2,Tucumán,10.98,44.32
2017,3,Buenos Aires,15.11,46.79
2017,3,CABA,23.1,54.92
2017,3,Catamarca,10.08,39.57
2017,3,Chaco,7.73,28.87
2017,3,Chubut,11.93,38.81
2017,3,Córdoba,28.1,91.61
2017,3,Corrientes,8.59,32.58
2017,3,Entre Ríos,12.27,40.98
2017,3,Formosa,8.37,32.84
2017,3,Jujuy,11.36,44.34
2017,3,La Pampa,28.54,86.5
2017,3,La Rioja,6.34,23.76
2017,3,Mendoza,5.9,21.09
2017,3,Misiones,10.27,37.61
2017,3,Neuquén,17.24,57.79
2017,3,Río Negro,8.06,26.13
2017,3,Salta,18.6,76.63
2017,3,San Juan,5.23,20.49
2017,3,San Luis,12.8,44.62
2017,3,Santa Cruz,14.16,47.36
2017,3,Santa Fe,17.83,56.64
2017,3,Santiago del Estero,10.33,41.54
2017,3,Tierra del Fuego,24.84,83.42
2017,3,Tucumán,10.99,44.27
2017,4,Buenos Aires,15.54,48.1
2017,4,CABA,24.15,57.5
2017,4,Catamarca,7.24,28.46
2017,4,Chaco,8.64,32.34
2017,4,Chubut,12,39.13
2017,4,Córdoba,28.42,92.84
2017,4,Corrientes,9.66,36.7
2017,4,Entre Ríos,15.49,51.81
2017,4,Formosa,8.29,32.57
2017,4,Jujuy,11.62,45.43
2017,4,La Pampa,23.98,72.78
2017,4,La Rioja,6.24,23.42
2017,4,Mendoza,5.88,21.08
2017,4,Misiones,10.9,40.01
2017,4,Neuquén,12.03,40.41
2017,4,Río Negro,12.57,40.87
2017,4,Salta,12.81,52.87
2017,4,San Juan,5.2,20.41
2017,4,San Luis,12.74,44.52
2017,4,Santa Cruz,14.67,49.29
2017,4,Santa Fe,18.15,57.72
2017,4,Santiago del Estero,10.11,40.76
2017,4,Tierra del Fuego,24.67,83.2
2017,4,Tucumán,7.15,28.85
2018,1,Buenos Aires,15.49,47.83
2018,1,CABA,24.18,57.64
2018,1,Catamarca,21.87,85.99
2018,1,Chaco,9.33,34.9
2018,1,Chubut,12.24,39.93
2018,1,Córdoba,30.09,98.26
2018,1,Corrientes,9.64,36.62
2018,1,Entre Ríos,15.51,51.87
2018,1,Formosa,8.85,34.77
2018,1,Jujuy,11.81,46.16
2018,1,La Pampa,23.86,72.41
2018,1,La Rioja,6.23,23.39
2018,1,Mendoza,4.55,16.3
2018,1,Misiones,10.94,40.15
2018,1,Neuquén,11.97,40.2
2018,1,Río Negro,12.41,40.36
2018,1,Salta,12.69,52.4
2018,1,San Juan,4.92,19.3
2018,1,San Luis,12.56,43.87
2018,1,Santa Cruz,15.43,51.84
2018,1,Santa Fe,17.96,57.1
2018,1,Santiago Del Estero,10.09,40.67
2018,1,Tierra Del Fuego,24.64,83.12
2018,1,Tucumán,7.14,28.81
2018,2,Buenos Aires,15.5,47.76
2018,2,CABA,24.21,57.79
2018,2,Catamarca,19.25,75.66
2018,2,Chaco,9.2,34.41
2018,2,Chubut,12.51,40.8
2018,2,Córdoba,30.28,98.89
2018,2,Corrientes,9.12,34.64
2018,2,Entre Ríos,15.54,51.97
2018,2,Formosa,8.75,34.39
2018,2,Jujuy,11.94,46.68
2018,2,La Pampa,23.44,71.15
2018,2,La Rioja,5.97,22.44
2018,2,Mendoza,4.58,16.4
2018,2,Misiones,10.95,40.22
2018,2,Neuquén,12.19,40.96
2018,2,Río Negro,12.05,39.17
2018,2,Salta,12.19,50.31
2018,2,San Juan,6.27,24.63
2018,2,San Luis,11.56,40.4
2018,2,Santa Cruz,15.38,51.68
2018,2,Santa Fe,17.69,56.25
2018,2,Santiago Del Estero,10.07,40.56
2018,2,Tierra Del Fuego,24.97,84.2
2018,2,Tucumán,7.2,29.07
2018,3,Buenos Aires,15.66,48.16
2018,3,CABA,24.62,58.84
2018,3,Catamarca,20.35,80
2018,3,Chaco,8.39,31.38
2018,3,Chubut,14.97,48.85
2018,3,Córdoba,29.19,95.33
2018,3,Corrientes,9.18,34.85
2018,3,Entre Ríos,15.19,50.81
2018,3,Formosa,10.05,39.48
2018,3,Jujuy,12.15,47.51
2018,3,La Pampa,23.59,71.61
2018,3,La Rioja,6.25,23.49
2018,3,Mendoza,6.02,21.56
2018,3,Misiones,10.95,40.22
2018,3,Neuquén,12.4,41.66
2018,3,Río Negro,13.04,42.4
2018,3,Salta,12.65,52.22
2018,3,San Juan,5.89,23.1
2018,3,San Luis,11.13,38.9
2018,3,Santa Cruz,16.26,54.66
2018,3,Santa Fe,18.09,57.53
2018,3,Santiago Del Estero,11.34,45.7
2018,3,Tierra Del Fuego,27.95,94.26
2018,3,Tucumán,7.59,30.64
2018,4,Buenos Aires,15.47,47.45
2018,4,CABA,24.46,58.54
2018,4,Catamarca,8.19,32.19
2018,4,Chaco,8.43,31.54
2018,4,Chubut,15.03,49.04
2018,4,Córdoba,28.56,93.29
2018,4,Corrientes,9.25,35.13
2018,4,Entre Ríos,15.25,51
2018,4,Formosa,9.86,38.73
2018,4,Jujuy,13.03,50.96
2018,4,La Pampa,23.02,69.86
2018,4,La Rioja,6.45,24.21
2018,4,Mendoza,6,21.48
2018,4,Misiones,11.12,40.84
2018,4,Neuquén,12.3,41.33
2018,4,Río Negro,12.46,40.5
2018,4,Salta,12.67,52.3
2018,4,San Juan,5.68,22.29
2018,4,San Luis,11.07,38.7
2018,4,Santa Cruz,16.21,54.46
2018,4,Santa Fe,17.15,54.55
2018,4,Santiago Del Estero,10.93,44.06
2018,4,Tierra Del Fuego,27.7,93.44
2018,4,Tucumán,7.54,30.44
2019,1,Buenos Aires,15.52,47.51
2019,1,CABA,25.7,61.57
2019,1,Catamarca,8.07,31.71
2019,1,Chaco,9.01,33.71
2019,1,Chubut,14.98,48.87
2019,1,Córdoba,28.5,93.09
2019,1,Corrientes,9.15,34.75
2019,1,Entre Ríos,15.36,51.36
2019,1,Formosa,9.48,37.24
2019,1,Jujuy,11.57,45.25
2019,1,La Pampa,22.95,69.67
2019,1,La Rioja,6.71,25.19
2019,1,Mendoza,7.16,25.65
2019,1,Misiones,11.07,40.64
2019,1,Neuquén,12.26,41.2
2019,1,Río Negro,12.26,39.87
2019,1,Salta,12.48,51.51
2019,1,San Juan,5.72,22.47
2019,1,San Luis,10.71,37.44
2019,1,Santa Cruz,16.07,54.01
2019,1,Santa Fe,17.14,54.52
2019,1,Santiago Del Estero,11.32,45.61
2019,1,Tierra Del Fuego,27.33,92.18
2019,1,Tucumán,7.11,28.71
2019,2,Buenos Aires,15.48,47.28
2019,2,CABA,26.39,63.29
2019,2,Catamarca,8.04,31.61
2019,2,Chaco,9.11,34.08
2019,2,Chubut,14.42,47.05
2019,2,Córdoba,28.6,93.42
2019,2,Corrientes,9.76,37.08
2019,2,Entre Ríos,15.42,51.58
2019,2,Formosa,10.19,40.03
2019,2,Jujuy,11.62,45.46
2019,2,La Pampa,23.4,71.03
2019,2,La Rioja,6.67,25.07
2019,2,Mendoza,7.1,25.43
2019,2,Misiones,11.35,41.68
2019,2,Neuquén,12.09,40.62
2019,2,Río Negro,14.75,47.94
2019,2,Salta,13.2,54.51
2019,2,San Juan,5.61,22.04
2019,2,San Luis,10.68,37.32
2019,2,Santa Cruz,14.76,49.61
2019,2,Santa Fe,17.2,54.69
2019,2,Santiago Del Estero,11.26,45.38
2019,2,Tierra Del Fuego,27.13,91.52
2019,2,Tucumán,7.02,28.35
2019,3,Buenos Aires,15.74,47.95
2019,3,CABA,28.07,67.41
2019,3,Catamarca,9.9,38.92
2019,3,Chaco,9.34,34.93
2019,3,Chubut,11.52,37.57
2019,3,Córdoba,29.61,96.72
2019,3,Corrientes,9.8,37.21
2019,3,Entre Ríos,15.73,52.61
2019,3,Formosa,9.83,38.61
2019,3,Jujuy,11.97,46.81
2019,3,La Pampa,23.21,70.43
2019,3,La Rioja,5.16,19.39
2019,3,Mendoza,5.27,18.87
2019,3,Misiones,11.48,42.16
2019,3,Neuquén,11.78,39.58
2019,3,Río Negro,15.07,49
2019,3,Salta,13.37,55.2
2019,3,San Juan,3.98,15.61
2019,3,San Luis,9.85,34.42
2019,3,Santa Cruz,13.42,45.11
2019,3,Santa Fe,18.66,59.34
2019,3,Santiago Del Estero,9.24,37.25
2019,3,Tierra Del Fuego,25.23,85.1
2019,3,Tucumán,6.55,26.44
2019,4,Buenos Aires,16.19,49.23
2019,4,CABA,29.17,70.13
2019,4,Catamarca,9.93,39.03
2019,4,Chaco,9.55,35.71
2019,4,Chubut,11.4,37.2
2019,4,Córdoba,29.79,97.3
2019,4,Corrientes,9.84,37.38
2019,4,Entre Ríos,15.99,53.48
2019,4,Formosa,9.82,38.59
2019,4,Jujuy,12.42,48.55
2019,4,La Pampa,22.72,68.97
2019,4,La Rioja,4.86,18.26
2019,4,Mendoza,5.17,18.54
2019,4,Misiones,11.53,42.32
2019,4,Neuquén,11.65,39.15
2019,4,Río Negro,14.9,48.46
2019,4,Salta,13.38,55.23
2019,4,San Juan,3.8,14.93
2019,4,San Luis,9.6,33.53
2019,4,Santa Cruz,13.31,44.72
2019,4,Santa Fe,18.69,59.45
2019,4,Santiago Del Estero,9.24,37.24
2019,4,Tierra Del Fuego,24.32,82.03
2019,4,Tucumán,6.74,27.21
2020,1,Buenos Aires,16.9,51.27
2020,1,CABA,24.12,58.06
2020,1,Catamarca,9.5,37.33
2020,1,Chaco,9.54,35.7
2020,1,Chubut,10.95,35.73
2020,1,Córdoba,28.36,92.63
2020,1,Corrientes,9.85,37.41
2020,1,Entre Ríos,15.96,53.38
2020,1,Formosa,9.82,38.56
2020,1,Jujuy,12.71,49.72
2020,1,La Pampa,22.35,67.85
2020,1,La Rioja,4.81,18.08
2020,1,Mendoza,5.2,18.63
2020,1,Misiones,11.41,41.88
2020,1,Neuquén,11.85,39.8
2020,1,Río Negro,14.75,47.97
2020,1,Salta,13.19,54.45
2020,1,San Juan,3.89,15.28
2020,1,San Luis,9.41,32.9
2020,1,Santa Cruz,11.94,40.14
2020,1,Santa Fe,19.02,60.49
2020,1,Santiago Del Estero,9.12,36.76
2020,1,Tierra Del Fuego,24.12,81.36
2020,1,Tucumán,6.54,26.4
2020,2,Buenos Aires,16.63,50.34
2020,2,CABA,24,57.85
2020,2,Catamarca,9.69,38.08
2020,2,Chaco,9.77,36.56
2020,2,Chubut,10.37,33.84
2020,2,Córdoba,29.23,95.46
2020,2,Corrientes,9.96,37.81
2020,2,Entre Ríos,15.78,52.78
2020,2,Formosa,9.8,38.52
2020,2,Jujuy,12.69,49.64
2020,2,La Pampa,22.58,68.53
2020,2,La Rioja,4.91,18.44
2020,2,Mendoza,5.16,18.5
2020,2,Misiones,11.28,41.42
2020,2,Neuquén,11.97,40.23
2020,2,Río Negro,14.94,48.58
2020,2,Salta,14.24,58.79
2020,2,San Juan,4.24,16.66
2020,2,San Luis,9.04,31.59
2020,2,Santa Cruz,11.98,40.26
2020,2,Santa Fe,19.03,60.53
2020,2,Santiago Del Estero,9.22,37.14
2020,2,Tierra Del Fuego,24.22,81.69
2020,2,Tucumán,5.74,23.17
2020,3,Buenos Aires,16.8,50.73
2020,3,CABA,24.1,58.16
2020,3,Catamarca,9.8,38.54
2020,3,Chaco,9.94,37.19
2020,3,Chubut,10.61,34.61
2020,3,Córdoba,29.04,94.86
2020,3,Corrientes,10.16,38.59
2020,3,Entre Ríos,16.94,56.66
2020,3,Formosa,9.93,39.01
2020,3,Jujuy,14.15,55.33
2020,3,La Pampa,22.08,67.01
2020,3,La Rioja,4.99,18.74
2020,3,Mendoza,5.27,18.87
2020,3,Misiones,10.92,40.08
2020,3,Neuquén,12.05,40.47
2020,3,Río Negro,15.01,48.81
2020,3,Salta,14.28,58.97
2020,3,San Juan,4.3,16.89
2020,3,San Luis,8.99,31.41
2020,3,Santa Cruz,12.14,40.8
2020,3,Santa Fe,19.49,61.98
2020,3,Santiago Del Estero,9.35,37.66
2020,3,Tierra Del Fuego,24.35,82.13
2020,3,Tucumán,6.48,26.18
2020,4,Buenos Aires,16.88,50.85
2020,4,CABA,24.62,59.48
2020,4,Catamarca,10.1,39.7
2020,4,Chaco,9.76,36.51
2020,4,Chubut,11.75,38.34
2020,4,Córdoba,28.42,92.81
2020,4,Corrientes,9.94,37.77
2020,4,Entre Ríos,15.55,52.01
2020,4,Formosa,9.81,38.56
2020,4,Jujuy,14.17,55.4
2020,4,La Pampa,22.11,67.11
2020,4,La Rioja,5.99,22.5
2020,4,Mendoza,5.33,19.09
2020,4,Misiones,10.93,40.12
2020,4,Neuquén,11.91,40
2020,4,Río Negro,14.84,48.23
2020,4,Salta,14.24,58.78
2020,4,San Juan,4.3,16.89
2020,4,San Luis,8.96,31.32
2020,4,Santa Cruz,12,40.33
2020,4,Santa Fe,19.3,61.38
2020,4,Santiago Del Estero,9.4,37.87
2020,4,Tierra Del Fuego,24.22,81.71
2020,4,Tucumán,6.52,26.34
2021,1,Buenos Aires,16.57,49.78
2021,1,CABA,24.07,58.22
2021,1,Catamarca,10.23,40.24
2021,1,Chaco,9.76,36.52
2021,1,Chubut,11.69,38.13
2021,1,Córdoba,28.67,93.65
2021,1,Corrientes,10.03,38.1
2021,1,Entre Ríos,15.89,53.16
2021,1,Formosa,9.94,39.06
2021,1,Jujuy,13.76,53.82
2021,1,La Pampa,22.22,67.45
2021,1,La Rioja,4.96,18.62
2021,1,Mendoza,5.3,18.99
2021,1,Misiones,10.87,39.92
2021,1,Neuquén,11.7,39.29
2021,1,Río Negro,14.68,47.74
2021,1,Salta,14.2,58.63
2021,1,San Juan,4.31,16.93
2021,1,San Luis,8.89,31.08
2021,1,Santa Cruz,11.9,40
2021,1,Santa Fe,19.33,61.46
2021,1,Santiago Del Estero,16.2,65.27
2021,1,Tierra Del Fuego,23.85,80.43
2021,1,Tucumán,6.47,26.12
2021,2,Buenos Aires,16.58,49.7
2021,2,CABA,24.09,58.32
2021,2,Catamarca,10.23,40.2
2021,2,Chaco,9.65,36.1
2021,2,Chubut,11.76,38.37
2021,2,Córdoba,28.27,92.34
2021,2,Corrientes,9.97,37.88
2021,2,Entre Ríos,15.93,53.29
2021,2,Formosa,9.94,39.07
2021,2,Jujuy,13.67,53.47
2021,2,La Pampa,22.07,67
2021,2,La Rioja,5.09,19.13
2021,2,Mendoza,5.41,19.39
2021,2,Misiones,11.01,40.43
2021,2,Neuquén,11.63,39.07
2021,2,Río Negro,14.68,47.74
2021,2,Salta,13.57,56.03
2021,2,San Juan,4.28,16.79
2021,2,San Luis,8.89,31.05
2021,2,Santa Cruz,11.32,38.06
2021,2,Santa Fe,18.95,60.28
2021,2,Santiago Del Estero,16.4,66.08
2021,2,Tierra Del Fuego,23.77,80.18
2021,2,Tucumán,6.66,26.9
2021,3,Buenos Aires,16.78,50.19
2021,3,CABA,24.21,58.69
2021,3,Catamarca,10.38,40.8
2021,3,Chaco,9.49,35.49
2021,3,Chubut,11.84,38.64
2021,3,Córdoba,29.06,94.91
2021,3,Corrientes,10.22,38.82
2021,3,Entre Ríos,17.42,58.25
2021,3,Formosa,10.83,42.57
2021,3,Jujuy,13.82,54.05
2021,3,La Pampa,22.4,67.98
2021,3,La Rioja,5.19,19.49
2021,3,Mendoza,5.58,20
2021,3,Misiones,11,40.38
2021,3,Neuquén,11.56,38.84
2021,3,Río Negro,14.79,48.08
2021,3,Salta,16.83,69.51
2021,3,San Juan,4.3,16.88
2021,3,San Luis,8.99,31.41
2021,3,Santa Cruz,11.23,37.74
2021,3,Santa Fe,23.12,73.52
2021,3,Santiago Del Estero,19.26,77.62
2021,3,Tierra Del Fuego,23.79,80.26
2021,3,Tucumán,6.6,26.64
2021,4,Buenos Aires,16.89,50.38
2021,4,CABA,24.22,58.79
2021,4,Catamarca,10.68,42.01
2021,4,Chaco,9.61,35.97
2021,4,Chubut,12.1,39.48
2021,4,Córdoba,29.33,95.8
2021,4,Corrientes,10.27,39.01
2021,4,Entre Ríos,16.34,54.64
2021,4,Formosa,11.01,43.27
2021,4,Jujuy,13.84,54.13
2021,4,La Pampa,22.72,68.95
2021,4,La Rioja,6.39,24.01
2021,4,Mendoza,5.73,20.53
2021,4,Misiones,10.9,40.03
2021,4,Neuquén,11.35,38.12
2021,4,Río Negro,14.62,47.53
2021,4,Salta,14.24,58.79
2021,4,San Juan,4.22,16.59
2021,4,San Luis,8.98,31.37
2021,4,Santa Cruz,11.02,37.05
2021,4,Santa Fe,20.89,66.45
2021,4,Santiago Del Estero,19.23,77.49
2021,4,Tierra Del Fuego,23.65,79.76
2021,4,Tucumán,6.39,25.79
2022,1,Buenos Aires,16.7,49.7
2022,1,CABA,24.19,58.78
2022,1,Catamarca,11.18,43.97
2022,1,Chaco,9.78,36.61
2022,1,Chubut,12.22,39.88
2022,1,Córdoba,29.41,96.05
2022,1,Corrientes,11.54,43.83
2022,1,Entre Ríos,16.29,54.48
2022,1,Formosa,10.97,43.1
2022,1,Jujuy,14.01,54.78
2022,1,La Pampa,21.65,65.7
2022,1,La Rioja,5.91,22.19
2022,1,Mendoza,5.96,21.37
2022,1,Misiones,10.88,39.96
2022,1,Neuquén,11.21,37.67
2022,1,Río Negro,14.13,45.94
2022,1,Salta,14.86,61.35
2022,1,San Juan,4.34,17.02
2022,1,San Luis,8.96,31.32
2022,1,Santa Cruz,10.98,36.9
2022,1,Santa Fe,20.78,66.1
2022,1,Santiago Del Estero,14.63,58.96
2022,1,Tierra Del Fuego,23.68,79.88
2022,1,Tucumán,6.92,27.93
2022,2,Buenos Aires,16.76,49.48
2022,2,CABA,24.18,52.97
2022,2,Catamarca,12.35,38.58
2022,2,Chaco,9.95,32.61
2022,2,Chubut,12.39,36.75
2022,2,Córdoba,29.77,81.84
2022,2,Corrientes,11.63,34.92
2022,2,Entre Ríos,16.32,45.96
2022,2,Formosa,10.96,33.97
2022,2,Jujuy,14.28,45.73
2022,2,La Pampa,21.41,55.05
2022,2,La Rioja,5.97,19.06
2022,2,Mendoza,6.4,19.92
2022,2,Misiones,11.07,33.48
2022,2,Neuquén,11.14,29.44
2022,2,Río Negro,14.05,38.56
2022,2,Salta,14.65,51.05
2022,2,San Juan,4.69,15.12
2022,2,San Luis,9.06,25.4
2022,2,Santa Cruz,10.97,35.23
2022,2,Santa Fe,20.91,58.15
2022,2,Santiago Del Estero,14.89,46.85
2022,2,Tierra Del Fuego,23.39,64.18
2022,2,Tucumán,7.65,26.22
2022,3,Buenos Aires,17.13,49.62
2022,3,CABA,23.83,52.9
2022,3,Catamarca,12.14,38.53
2022,3,Chaco,10.68,32.06
2022,3,Chubut,13.48,37.08
2022,3,Córdoba,29.59,81.35
2022,3,Corrientes,11.22,35.93
2022,3,Entre Ríos,16.16,45.94
2022,3,Formosa,11.15,34.1
2022,3,Jujuy,14.4,47.63
2022,3,La Pampa,20.38,51.93
2022,3,La Rioja,6.27,18.99
2022,3,Mendoza,6.52,20.43
2022,3,Misiones,11.11,33.29
2022,3,Neuquén,10.42,28.83
2022,3,Río Negro,13.4,35.96
2022,3,Salta,14.83,50.98
2022,3,San Juan,4.76,15.83
2022,3,San Luis,8.77,25.66
2022,3,Santa Cruz,12.5,35.36
2022,3,Santa Fe,21.28,58.31
2022,3,Santiago Del Estero,14.27,47.79
2022,3,Tierra Del Fuego,23.74,66.75
2022,3,Tucumán,7.56,25.86
2022,4,Buenos Aires,16.97,49.16
2022,4,CABA,23.72,52.65
2022,4,Catamarca,12.57,39.9
2022,4,Chaco,10.72,32.2
2022,4,Chubut,13.53,37.22
2022,4,Córdoba,29.49,81.08
2022,4,Corrientes,11.48,36.76
2022,4,Entre Ríos,16.19,46.04
2022,4,Formosa,11.11,33.98
2022,4,Jujuy,14.71,48.65
2022,4,La Pampa,23.01,58.66
2022,4,La Rioja,6.2,18.77
2022,4,Mendoza,6.66,20.88
2022,4,Misiones,11.14,33.38
2022,4,Neuquén,10.78,29.82
2022,4,Río Negro,13.95,37.43
2022,4,Salta,14.91,51.27
2022,4,San Juan,4.78,15.88
2022,4,San Luis,9.06,26.51
2022,4,Santa Cruz,10.97,31.05
2022,4,Santa Fe,21.27,58.27
2022,4,Santiago Del Estero,14.55,48.73
2022,4,Tierra Del Fuego,24.02,67.54
2022,4,Tucumán,7.91,27.05
2023,1,Buenos Aires,17.36,50.23
2023,1,CABA,24.36,53.83
2023,1,Catamarca,12.33,39.42
2023,1,Chaco,9.94,30.5
2023,1,Chubut,12.89,35.64
2023,1,Córdoba,29.31,81.38
2023,1,Corrientes,11.67,37.29
2023,1,Entre Ríos,15.87,45.47
2023,1,Formosa,11.98,37.01
2023,1,Jujuy,15.16,49.92
2023,1,La Pampa,21.95,56.68
2023,1,La Rioja,6.29,19.37
2023,1,Mendoza,6.89,21.62
2023,1,Misiones,10.76,32.77
2023,1,Neuquén,11.14,30.72
2023,1,Río Negro,13.65,37.21
2023,1,Salta,14.6,50.7
2023,1,San Juan,5.03,16.9
2023,1,San Luis,9.08,26.47
2023,1,Santa Cruz,10.81,30.5
2023,1,Santa Fe,20.61,57.21
2023,1,Santiago Del Estero,14.77,49.41
2023,1,Tierra Del Fuego,24.72,69.04
2023,1,Tucumán,7.96,27.44
2023,2,Buenos Aires,17.96,52.03
2023,2,CABA,26.49,58.53
2023,2,Catamarca,12.43,39.63
2023,2,Chaco,10.37,31.42
2023,2,Chubut,12.81,35.36
2023,2,Córdoba,30.76,84.96
2023,2,Corrientes,12.26,39.37
2023,2,Entre Ríos,16.52,47.14
2023,2,Formosa,12.23,37.6
2023,2,Jujuy,15.3,50.64
2023,2,La Pampa,21.92,56.14
2023,2,La Rioja,6.51,19.87
2023,2,Mendoza,6.99,21.96
2023,2,Misiones,10.97,33.21
2023,2,Neuquén,12.25,34.04
2023,2,Río Negro,13.14,35.54
2023,2,Salta,15.28,52.85
2023,2,San Juan,4.98,16.66
2023,2,San Luis,9.1,26.7
2023,2,Santa Cruz,11.74,33.21
2023,2,Santa Fe,21.23,58.43
2023,2,Santiago Del Estero,14.94,50.17
2023,2,Tierra Del Fuego,25.09,70.66
2023,2,Tucumán,8.23,28.25
2023,3,Buenos Aires,17.33,50.19
2023,3,CABA,23.51,52.2
2023,3,Catamarca,12.92,41.06
2023,3,Chaco,10.12,30.5
2023,3,Chubut,13.28,36.56
2023,3,Córdoba,29.16,80.31
2023,3,Corrientes,11.75,37.56
2023,3,Entre Ríos,16.03,45.64
2023,3,Formosa,12.16,37.24
2023,3,Jujuy,15.47,51.1
2023,3,La Pampa,21.92,56.01
2023,3,La Rioja,8.79,26.72
2023,3,Mendoza,7.05,22.1
2023,3,Misiones,10.68,32.07
2023,3,Neuquén,10.84,29.92
2023,3,Río Negro,13.35,35.92
2023,3,Salta,14.86,51.16
2023,3,San Juan,5.29,17.62
2023,3,San Luis,9.18,26.8
2023,3,Santa Cruz,12.37,34.96
2023,3,Santa Fe,20.54,56.45
2023,3,Santiago Del Estero,14.26,47.7
2023,3,Tierra Del Fuego,25.34,71.05
2023,3,Tucumán,7.36,25.22
2023,4,Buenos Aires,17.39,50.36
2023,4,CABA,23.16,51.41
2023,4,Catamarca,11.97,38.01
2023,4,Chaco,9.78,29.49
2023,4,Chubut,13.04,35.9
2023,4,Córdoba,28.58,78.7
2023,4,Corrientes,10.58,33.83
2023,4,Entre Ríos,17.76,50.56
2023,4,Formosa,12.63,38.68
2023,4,Jujuy,15.14,49.98
2023,4,La Pampa,21.72,55.5
2023,4,La Rioja,6.01,18.27
2023,4,Mendoza,7.08,22.18
2023,4,Misiones,10.06,30.19
2023,4,Neuquén,9.62,26.55
2023,4,Río Negro,12.57,33.82
2023,4,Salta,14.77,50.87
2023,4,San Juan,4.94,16.43
2023,4,San Luis,9.96,29.09
2023,4,Santa Cruz,12.59,35.6
2023,4,Santa Fe,19.16,52.65
2023,4,Santiago Del Estero,15.09,50.47
2023,4,Tierra Del Fuego,25.26,70.85
2023,4,Tucumán,7.48,25.6
2024,1,Buenos Aires,17.2,49.85
2024,1,CABA,22.88,50.57
2024,1,Catamarca,11.64,37.12
2024,1,Chaco,9.68,29.36
2024,1,Chubut,12.96,35.76
2024,1,Córdoba,28.48,78.65
2024,1,Corrientes,10.44,33.52
2024,1,Entre Ríos,17.6,50.22
2024,1,Formosa,15.26,46.91
2024,1,Jujuy,15.07,49.9
2024,1,La Pampa,21.3,54.56
2024,1,La Rioja,5.79,17.68
2024,1,Mendoza,6.85,21.52
2024,1,Misiones,9.84,29.78
2024,1,Neuquén,9.31,25.87
2024,1,Río Negro,12.2,32.99
2024,1,Salta,14.98,51.8
2024,1,San Juan,4.54,15.18
2024,1,San Luis,11.27,33.08
2024,1,Santa Cruz,11.93,33.74
2024,1,Santa Fe,19.09,52.53
2024,1,Santiago Del Estero,14.01,47.04
2024,1,Tierra Del Fuego,25.16,70.85
2024,1,Tucumán,7.38,25.35
2024,2,Buenos Aires,16.47,47.74
2024,2,CABA,22.52,49.76
2024,2,Catamarca,12.5,39.86
2024,2,Chaco,9.55,28.95
2024,2,Chubut,13.03,35.97
2024,2,Córdoba,28.27,78.08
2024,2,Corrientes,10.38,33.34
2024,2,Entre Ríos,17.6,50.23
2024,2,Formosa,15.24,46.86
2024,2,Jujuy,15.09,49.97
2024,2,La Pampa,21.04,53.88
2024,2,La Rioja,5.83,17.78
2024,2,Mendoza,6.8,21.37
2024,2,Misiones,9.91,30
2024,2,Neuquén,9.2,25.54
2024,2,Río Negro,12.33,33.34
2024,2,Salta,15.1,52.2
2024,2,San Juan,4.46,14.93
2024,2,San Luis,11.33,33.24
2024,2,Santa Cruz,11.88,33.59
2024,2,Santa Fe,18.98,52.22
2024,2,Santiago Del Estero,13.93,46.75
2024,2,Tierra Del Fuego,25.38,71.48
2024,2,Tucumán,7.32,25.13
2024,3,Buenos Aires,16.75,48.49
2024,3,CABA,23.08,51.24
2024,3,Catamarca,12.66,40.23
2024,3,Chaco,9.64,29.07
2024,3,Chubut,13.1,36.05
2024,3,Córdoba,28.69,79.02
2024,3,Corrientes,10.6,33.9
2024,3,Entre Ríos,17.89,50.94
2024,3,Formosa,15.14,46.4
2024,3,Jujuy,14.82,48.95
2024,3,La Pampa,20.94,53.5
2024,3,La Rioja,5.78,17.55
2024,3,Mendoza,6.95,21.76
2024,3,Misiones,10.28,30.86
2024,3,Neuquén,9.7,26.77
2024,3,Río Negro,12.63,33.97
2024,3,Salta,15.16,52.21
2024,3,San Juan,4.6,15.3
2024,3,San Luis,11.47,33.51
2024,3,Santa Cruz,11.86,33.53
2024,3,Santa Fe,18.84,51.76
2024,3,Santiago Del Estero,14.06,47.05
2024,3,Tierra Del Fuego,25.75,72.2
2024,3,Tucumán,7.57,25.93
2024,4,Buenos Aires,16.8,48.64
2024,4,CABA,23.63,52.45
2024,4,Catamarca,13.02,41.36
2024,4,Chaco,9.61,28.96
2024,4,Chubut,13.22,36.39
2024,4,Córdoba,29.1,80.14
2024,4,Corrientes,10.65,34.06
2024,4,Entre Ríos,18.09,51.49
2024,4,Formosa,15.49,47.46
2024,4,Jujuy,15.93,52.61
2024,4,La Pampa,21.11,53.93
2024,4,La Rioja,5.99,18.19
2024,4,Mendoza,6.82,21.35
2024,4,Misiones,10.23,30.7
2024,4,Neuquén,9.8,27.05
2024,4,Río Negro,13.27,35.7
2024,4,Salta,15.3,52.69
2024,4,San Juan,4.55,15.16
2024,4,San Luis,11.75,34.3
2024,4,Santa Cruz,11.79,33.34
2024,4,Santa Fe,19,52.21
2024,4,Santiago Del Estero,14.11,47.21
2024,4,Tierra Del Fuego,25.73,72.14
2024,4,Tucumán,7.76,26.59
2025,1,Buenos Aires,16.81,48.67
2025,1,CABA,24.2,53.72
2025,1,Catamarca,12.94,41.11
2025,1,Chaco,9.57,28.86
2025,1,Chubut,13.96,38.43
2025,1,Córdoba,29.2,80.42
2025,1,Corrientes,11.1,35.48
2025,1,Entre Ríos,18.12,51.59
2025,1,Formosa,14.54,44.53
2025,1,Jujuy,16.06,53.04
2025,1,La Pampa,20.52,52.42
2025,1,La Rioja,5.2,15.79
2025,1,Mendoza,6,18.79
2025,1,Misiones,9.94,29.85
2025,1,Neuquén,9.75,26.92
2025,1,Río Negro,14.76,39.7
2025,1,Salta,14,48.21
2025,1,San Juan,4.68,15.58
2025,1,San Luis,11.18,32.65
2025,1,Santa Cruz,10.26,29.01
2025,1,Santa Fe,18.9,51.94
2025,1,Santiago Del Estero,10.73,35.91
2025,1,Tierra Del Fuego,25.56,71.69
2025,1,Tucumán,7.82,26.77
2025,2,Buenos Aires,14.77,42.77
2025,2,CABA,23.57,52.32
2025,2,Catamarca,12.8,40.67
2025,2,Chaco,9.65,29.1
2025,2,Chubut,12.26,33.75
2025,2,Córdoba,28.81,79.33
2025,2,Corrientes,11.06,35.36
2025,2,Entre Ríos,18.24,51.92
2025,2,Formosa,14.9,45.63
2025,2,Jujuy,15.81,52.21
2025,2,La Pampa,20.77,53.08
2025,2,La Rioja,5.59,16.99
2025,2,Mendoza,5.43,17.02
2025,2,Misiones,9.77,29.32
2025,2,Neuquén,8.58,23.68
2025,2,Río Negro,12.47,33.54
2025,2,Salta,15.41,53.07
2025,2,San Juan,3.39,11.28
2025,2,San Luis,12.02,35.11
2025,2,Santa Cruz,10.95,30.95
2025,2,Santa Fe,18.91,51.97
2025,2,Santiago Del Estero,11.21,37.49
2025,2,Tierra Del Fuego,25.72,72.13
2025,2,Tucumán,7.93,27.15
2025,3,Buenos Aires,16.78,48.58
2025,3,CABA,24.31,53.96
2025,3,Catamarca,13.1,41.61
2025,3,Chaco,9.56,28.83
2025,3,Chubut,13.18,36.28
2025,3,Córdoba,28.89,79.57
2025,3,Corrientes,11.05,35.34
2025,3,Entre Ríos,18.04,51.35
2025,3,Formosa,14.88,45.59
2025,3,Jujuy,15.69,51.82
2025,3,La Pampa,20.68,52.84
2025,3,La Rioja,5.39,16.37
2025,3,Mendoza,6.08,19.04
2025,3,Misiones,9.96,29.9
2025,3,Neuquén,9.74,26.88
2025,3,Río Negro,13.08,35.2
2025,3,Salta,14.25,49.06
2025,3,San Juan,4.77,15.89
2025,3,San Luis,11.96,34.92
2025,3,Santa Cruz,10.9,30.82
2025,3,Santa Fe,19,52.21
2025,3,Santiago Del Estero,10.91,36.51
2025,3,Tierra Del Fuego,25.67,71.99
2025,3,Tucumán,7.77,26.62
2025,4,Buenos Aires,16.8,45.8
2025,4,CABA,24.25,59.61
2025,4,Catamarca,12.92,51.52
2025,4,Chaco,9.55,34.2
2025,4,Chubut,13.94,40.87
2025,4,Córdoba,29.16,95.44
2025,4,Corrientes,11.08,43.41
2025,4,Entre Ríos,18.1,61
2025,4,Formosa,14.51,56.89
2025,4,Jujuy,16.04,61.84
2025,4,La Pampa,20.49,62.8
2025,4,La Rioja,5.18,18.75
2025,4,Mendoza,5.99,21.04
2025,4,Misiones,9.9,36.82
2025,4,Neuquén,9.72,32.55
2025,4,Río Negro,14.72,47.51
2025,4,Salta,13.97,56.73
2025,4,San Juan,4.67,18.92
2025,4,San Luis,11.15,38.72
2025,4,Santa Cruz,10.26,28
2025,4,Santa Fe,18.89,60.3
2025,4,Santiago Del Estero,10.72,44.4
2025,4,Tierra Del Fuego,25.5,80.1
2025,4,Tucumán,7.81,31.16
